<?xml version="1.0" encoding="UTF-8"?>
<project-private xmlns="http://www.netbeans.org/ns/project-private/1">
    <editor-bookmarks xmlns="http://www.netbeans.org/ns/editor-bookmarks/2" lastBookmarkId="0"/>
    <open-files xmlns="http://www.netbeans.org/ns/projectui-open-files/2">
        <group>
            <file>file:/Users/kaptenbintang/NetBeansProjects/DokunoPizza/test/Pojo/TblProductTest.java</file>
            <file>file:/Users/kaptenbintang/NetBeansProjects/DokunoPizza/test/Pojo/LoginTest.java</file>
            <file>file:/Users/kaptenbintang/NetBeansProjects/DokunoPizza/test/Pojo/TblSubcriberTest.java</file>
        </group>
    </open-files>
</project-private>
