<?xml version="1.0"?>
<!DOCTYPE hibernate-mapping PUBLIC "-//Hibernate/Hibernate Mapping DTD 3.0//EN"
"http://www.hibernate.org/dtd/hibernate-mapping-3.0.dtd">
<!-- Generated Oct 8, 2019 12:39:22 PM by Hibernate Tools 4.3.1 -->
<hibernate-mapping>
    <class name="Pojo.TblAdmin" table="tbl_admin" catalog="dokunopizza" optimistic-lock="version">
        <id name="idAdmin" type="java.lang.Integer">
            <column name="id_admin" />
            <generator class="identity" />
        </id>
        <property name="username" type="string">
            <column name="username" length="200" not-null="true" />
        </property>
        <property name="password" type="string">
            <column name="password" length="200" not-null="true" />
        </property>
    </class>
</hibernate-mapping>
