<?xml version="1.0"?>
<!DOCTYPE hibernate-mapping PUBLIC "-//Hibernate/Hibernate Mapping DTD 3.0//EN"
"http://www.hibernate.org/dtd/hibernate-mapping-3.0.dtd">
<!-- Generated Oct 8, 2019 12:39:22 PM by Hibernate Tools 4.3.1 -->
<hibernate-mapping>
    <class name="Pojo.TblProduct" table="tbl_product" catalog="dokunopizza" optimistic-lock="version">
        <id name="idPizza" type="java.lang.Integer">
            <column name="id_pizza" />
            <generator class="identity" />
        </id>
        <property name="pizzaName" type="string">
            <column name="pizza_name" length="200" not-null="true" />
        </property>
        <property name="stock" type="int">
            <column name="stock" not-null="true" />
        </property>
        <property name="price" type="int">
            <column name="price" not-null="true" />
        </property>
    </class>
</hibernate-mapping>
